_linkingdata_ncbo_annotations_OA.rdf,_bio2rdf_ncbo_annotations_OA.rdf,pmc
FILE_NOT_EXIST,FILE_NOT_EXIST,PMC1183522
FILE_NOT_EXIST,FILE_NOT_EXIST,PMC1183525
FILE_NOT_EXIST,FILE_NOT_EXIST,PMC1183523
FILE_NOT_EXIST,FILE_NOT_EXIST,PMC1183520
FILE_NOT_EXIST,FILE_NOT_EXIST,PMC1183524
FILE_NOT_EXIST,FILE_NOT_EXIST,PMC1183527
FILE_NOT_EXIST,FILE_NOT_EXIST,PMC1183521
FILE_NOT_EXIST,FILE_NOT_EXIST,PMC1183528
FILE_NOT_EXIST,FILE_NOT_EXIST,PMC1183526
FILE_NOT_EXIST,FILE_NOT_EXIST,PMC1183530
FILE_NOT_EXIST,FILE_NOT_EXIST,PMC1183529
